"","word","sentiment","n"
"1","trump","positive",603
"2","crisis","negative",396
"3","virus","negative",352
"4","death","negative",323
"5","support","positive",270
"6","positive","positive",261
"7","free","positive",176
"8","outbreak","negative",171
"9","safe","positive",152
"10","risk","negative",144
"11","died","negative",113
"12","dies","negative",99
"13","suffering","negative",99
"14","recovery","positive",97
"15","toll","negative",97
"16","relief","positive",96
"17","dead","negative",95
"18","protect","positive",94
"19","top","positive",92
"20","die","negative",91
"21","stupid","negative",87
"22","hard","negative",81
"23","infected","negative",78
"24","lost","negative",77
"25","forbid","negative",74
"26","needless","negative",74
"27","love","positive",72
"28","symptoms","negative",71
"29","bad","negative",70
"30","emergency","negative",68
"31","guidance","positive",68
"32","fear","negative",67
"33","hoax","negative",66
"34","kill","negative",66
"35","infection","negative",64
"36","sick","negative",64
"37","lack","negative",61
"38","racist","negative",61
"39","helping","positive",59
"40","issues","negative",58
"41","breaking","negative",57
"42","trust","positive",57
"43","happy","positive",56
"44","wrong","negative",55
"45","worst","negative",54
"46","sad","negative",53
"47","threat","negative",53
"48","patient","positive",52
"49","lies","negative",51
"50","fall","negative",50
"51","murder","negative",50
"52","shit","negative",50
"53","lie","negative",49
"54","vulnerable","negative",49
"55","ready","positive",48
"56","amazing","positive",47
"57","dying","negative",47
"58","failed","negative",46
"59","blame","negative",45
"60","effective","positive",45
"61","fucking","negative",45
"62","strong","positive",45
"63","cancer","negative",44
"64","fast","positive",43
"65","infections","negative",43
"66","killing","negative",43
"67","lead","positive",43
"68","super","positive",43
"69","cure","positive",42
"70","worse","negative",41
"71","delayed","negative",40
"72","risks","negative",40
"73","slow","negative",40
"74","critical","negative",39
"75","hell","negative",39
"76","killed","negative",39
"77","urgent","negative",39
"78","concerns","negative",38
"79","fuck","negative",38
"80","poor","negative",38
"81","conspiracy","negative",37
"82","issue","negative",37
"83","leading","positive",36
"84","negative","negative",36
"85","rail","negative",36
"86","supporting","positive",36
"87","innovation","positive",35
"88","nice","positive",35
"89","powerful","positive",35
"90","proud","positive",35
"91","easing","positive",34
"92","freedom","positive",34
"93","hate","negative",33
"94","worth","positive",33
"95","fake","negative",32
"96","isolation","negative",32
"97","wow","positive",32
"98","lying","negative",31
"99","protection","positive",31
"100","refund","positive",31
"101","epidemic","negative",30
"102","smart","positive",30
"103","success","positive",30
"104","difficult","negative",29
"105","failure","negative",29
"106","healthy","positive",29
"107","incompetent","negative",29
"108","loss","negative",29
"109","approval","positive",28
"110","attack","negative",28
"111","attacks","negative",28
"112","disaster","negative",28
"113","false","negative",28
"114","miss","negative",28
"115","illness","negative",27
"116","inspire","positive",27
"117","salute","positive",27
"118","win","positive",27
"119","doom","negative",26
"120","gain","positive",26
"121","safely","positive",26
"122","talent","positive",26
"123","brighter","positive",25
"124","dangerous","negative",25
"125","easy","positive",25
"126","panic","negative",25
"127","idiot","negative",24
"128","limited","negative",24
"129","misleading","negative",24
"130","polluters","negative",24
"131","rip","negative",24
"132","benefit","positive",23
"133","damn","negative",23
"134","disgusting","negative",23
"135","ease","positive",23
"136","fair","positive",23
"137","racism","negative",23
"138","worried","negative",23
"139","worry","negative",23
"140","debt","negative",22
"141","evil","negative",22
"142","hot","positive",22
"143","warning","negative",22
"144","wild","negative",22
"145","correct","positive",21
"146","corruption","negative",21
"147","cruel","negative",21
"148","deadly","negative",21
"149","distract","negative",21
"150","faith","positive",21
"151","incredible","positive",21
"152","pretty","positive",21
"153","propaganda","negative",21
"154","severe","negative",21
"155","struggling","negative",21
"156","abuse","negative",20
"157","celebrate","positive",20
"158","cruelty","negative",20
"159","damage","negative",20
"160","depression","negative",20
"161","excellent","positive",20
"162","fraud","negative",20
"163","progress","positive",20
"164","recover","positive",20
"165","break","negative",19
"166","enjoy","positive",19
"167","grateful","positive",19
"168","joke","negative",19
"169","pain","negative",19
"170","prison","negative",19
"171","stress","negative",19
"172","successful","positive",19
"173","doubt","negative",18
"174","excuse","negative",18
"175","fears","negative",18
"176","fresh","positive",18
"177","idiots","negative",18
"178","kills","negative",18
"179","liar","negative",18
"180","liberty","positive",18
"181","respect","positive",18
"182","rich","positive",18
"183","warned","negative",18
"184","wonderful","positive",18
"185","angry","negative",17
"186","appeal","positive",17
"187","concerned","negative",17
"188","excited","positive",17
"189","fantastic","positive",17
"190","funny","negative",17
"191","led","positive",17
"192","loved","positive",17
"193","missed","negative",17
"194","nonsense","negative",17
"195","proper","positive",17
"196","scared","negative",17
"197","shame","negative",17
"198","unable","negative",17
"199","victory","positive",17
"200","weak","negative",17
"201","accurate","positive",16
"202","afraid","negative",16
"203","anxiety","negative",16
"204","boost","positive",16
"205","brilliant","positive",16
"206","clean","positive",16
"207","commitment","positive",16
"208","danger","negative",16
"209","improve","positive",16
"210","incompetence","negative",16
"211","innovative","positive",16
"212","limit","negative",16
"213","lose","negative",16
"214","losing","negative",16
"215","pathetic","negative",16
"216","protective","positive",16
"217","wellbeing","positive",16
"218","advantage","positive",15
"219","beautiful","positive",15
"220","delay","negative",15
"221","failing","negative",15
"222","grim","negative",15
"223","horrible","negative",15
"224","inevitable","negative",15
"225","protest","negative",15
"226","recession","negative",15
"227","sadly","negative",15
"228","waste","negative",15
"229","awful","negative",14
"230","brave","positive",14
"231","comfort","positive",14
"232","creative","positive",14
"233","falling","negative",14
"234","fault","negative",14
"235","fine","positive",14
"236","fool","negative",14
"237","gratitude","positive",14
"238","ignorant","negative",14
"239","inequality","negative",14
"240","mistake","negative",14
"241","negligence","negative",14
"242","poverty","negative",14
"243","rapid","positive",14
"244","spite","negative",14
"245","terrible","negative",14
"246","tough","positive",14
"247","trusted","positive",14
"248","abruptly","negative",13
"249","contribution","positive",13
"250","crime","negative",13
"251","delays","negative",13
"252","dumb","negative",13
"253","easier","positive",13
"254","extraordinary","positive",13
"255","failures","negative",13
"256","glad","positive",13
"257","heartbreaking","negative",13
"258","helpful","positive",13
"259","honor","positive",13
"260","ignorance","negative",13
"261","mad","negative",13
"262","peace","positive",13
"263","perfect","positive",13
"264","resilient","positive",13
"265","significant","positive",13
"266","suffer","negative",13
"267","supports","positive",13
"268","vice","negative",13
"269","benefits","positive",12
"270","bitch","negative",12
"271","bullshit","negative",12
"272","complex","negative",12
"273","contagious","negative",12
"274","courage","positive",12
"275","criminal","negative",12
"276","criticizing","negative",12
"277","discrimination","negative",12
"278","eased","positive",12
"279","holy","positive",12
"280","kindness","positive",12
"281","moron","negative",12
"282","protests","negative",12
"283","scams","negative",12
"284","solidarity","positive",12
"285","stronger","positive",12
"286","stuck","negative",12
"287","supreme","positive",12
"288","timely","positive",12
"289","tops","positive",12
"290","tragedy","negative",12
"291","uncertain","negative",12
"292","awesome","positive",11
"293","chaos","negative",11
"294","cloud","negative",11
"295","cold","negative",11
"296","compassion","positive",11
"297","concern","negative",11
"298","confused","negative",11
"299","crazy","negative",11
"300","dedicated","positive",11
"301","destruction","negative",11
"302","devastating","negative",11
"303","falls","negative",11
"304","fans","positive",11
"305","fascinating","positive",11
"306","favorite","positive",11
"307","fever","negative",11
"308","hang","negative",11
"309","helped","positive",11
"310","ignore","negative",11
"311","impossible","negative",11
"312","inept","negative",11
"313","isolated","negative",11
"314","leads","positive",11
"315","lovely","positive",11
"316","popular","positive",11
"317","recommendations","positive",11
"318","refuses","negative",11
"319","syndrome","negative",11
"320","tragic","negative",11
"321","advocates","positive",10
"322","aggressive","negative",10
"323","bless","positive",10
"324","blow","negative",10
"325","challenging","negative",10
"326","confusion","negative",10
"327","conservative","negative",10
"328","cool","positive",10
"329","disruption","negative",10
"330","farce","negative",10
"331","flexibility","positive",10
"332","plague","negative",10
"333","properly","positive",10
"334","pure","positive",10
"335","scary","negative",10
"336","secure","positive",10
"337","selfish","negative",10
"338","shocking","negative",10
"339","strange","negative",10
"340","successfully","positive",10
"341","supported","positive",10
"342","survival","positive",10
"343","threats","negative",10
"344","useless","negative",10
"345","afford","positive",9
"346","badly","negative",9
"347","blessing","positive",9
"348","burden","negative",9
"349","collapse","negative",9
"350","complaint","negative",9
"351","confusing","negative",9
"352","consistent","positive",9
"353","decline","negative",9
"354","delusional","negative",9
"355","dictator","negative",9
"356","fallout","negative",9
"357","fun","positive",9
"358","genius","positive",9
"359","hardship","negative",9
"360","harm","negative",9
"361","inflammatory","negative",9
"362","intelligence","positive",9
"363","isolate","negative",9
"364","losses","negative",9
"365","mist","negative",9
"366","nightmare","negative",9
"367","plot","negative",9
"368","promise","positive",9
"369","reliable","positive",9
"370","silent","positive",9
"371","smile","positive",9
"372","smoke","negative",9
"373","suck","negative",9
"374","suspect","negative",9
"375","upset","negative",9
"376","winning","positive",9
"377","appreciated","positive",8
"378","approve","positive",8
"379","ashamed","negative",8
"380","awarded","positive",8
"381","burn","negative",8
"382","conflict","negative",8
"383","crap","negative",8
"384","crash","negative",8
"385","crowded","negative",8
"386","denied","negative",8
"387","despair","negative",8
"388","destroy","negative",8
"389","distraction","negative",8
"390","encouraging","positive",8
"391","fallen","negative",8
"392","fell","negative",8
"393","frustrated","negative",8
"394","garbage","negative",8
"395","honoring","positive",8
"396","hurt","negative",8
"397","illegal","negative",8
"398","insane","negative",8
"399","loser","negative",8
"400","mess","negative",8
"401","mocking","negative",8
"402","murderer","negative",8
"403","proven","positive",8
"404","quiet","positive",8
"405","rage","negative",8
"406","refused","negative",8
"407","remedy","positive",8
"408","resistance","negative",8
"409","robust","positive",8
"410","scum","negative",8
"411","shake","negative",8
"412","sharp","positive",8
"413","shock","negative",8
"414","slowly","negative",8
"415","steal","negative",8
"416","suicide","negative",8
"417","sustainable","positive",8
"418","tired","negative",8
"419","trouble","negative",8
"420","winner","positive",8
"421","wisdom","positive",8
"422","worries","negative",8
"423","alarm","negative",7
"424","anger","negative",7
"425","booming","positive",7
"426","bs","negative",7
"427","bully","negative",7
"428","calm","positive",7
"429","cheap","negative",7
"430","chronic","negative",7
"431","clarity","positive",7
"432","coward","negative",7
"433","criticism","negative",7
"434","deficiency","negative",7
"435","deny","negative",7
"436","desperate","negative",7
"437","disastrous","negative",7
"438","exciting","positive",7
"439","fail","negative",7
"440","faster","positive",7
"441","flexible","positive",7
"442","gold","positive",7
"443","grand","positive",7
"444","horrific","negative",7
"445","inflated","negative",7
"446","insecurity","negative",7
"447","insightful","positive",7
"448","joy","positive",7
"449","lied","negative",7
"450","loud","negative",7
"451","lucky","positive",7
"452","nasty","negative",7
"453","optimistic","positive",7
"454","overwhelmed","negative",7
"455","overwhelming","negative",7
"456","plight","negative",7
"457","premier","positive",7
"458","rant","negative",7
"459","recommend","positive",7
"460","ridiculous","negative",7
"461","shameful","negative",7
"462","split","negative",7
"463","stable","positive",7
"464","stressful","negative",7
"465","struggle","negative",7
"466","stupidity","negative",7
"467","thankful","positive",7
"468","threatening","negative",7
"469","toxic","negative",7
"470","unacceptable","negative",7
"471","unemployed","negative",7
"472","wise","positive",7
"473","advocate","positive",6
"474","appalling","negative",6
"475","broke","negative",6
"476","confidence","positive",6
"477","congratulations","positive",6
"478","continuity","positive",6
"479","devil","negative",6
"480","difficulties","negative",6
"481","dire","negative",6
"482","disgrace","negative",6
"483","disproportionate","negative",6
"484","effectively","positive",6
"485","enemy","negative",6
"486","fastest","positive",6
"487","freedoms","positive",6
"488","friendly","positive",6
"489","genuine","positive",6
"490","greedy","negative",6
"491","gross","negative",6
"492","hazard","negative",6
"493","heal","positive",6
"494","hero","positive",6
"495","honest","positive",6
"496","honored","positive",6
"497","inadequate","negative",6
"498","incredibly","positive",6
"499","inspiring","positive",6
"500","invisible","negative",6
"501","jobless","negative",6
"502","kindly","positive",6
"503","likes","positive",6
"504","mercy","positive",6
"505","morons","negative",6
"506","mourn","negative",6
"507","neglected","negative",6
"508","obstacle","negative",6
"509","oversight","negative",6
"510","pleased","positive",6
"511","praise","positive",6
"512","punish","negative",6
"513","puppet","negative",6
"514","racists","negative",6
"515","radical","negative",6
"516","recommended","positive",6
"517","reject","negative",6
"518","rhetoric","negative",6
"519","rough","negative",6
"520","scarcity","negative",6
"521","severity","negative",6
"522","shortage","negative",6
"523","strict","negative",6
"524","struggles","negative",6
"525","sue","negative",6
"526","symptom","negative",6
"527","transparent","positive",6
"528","trapped","negative",6
"529","trauma","negative",6
"530","ugly","negative",6
"531","undocumented","negative",6
"532","unnecessary","negative",6
"533","weird","negative",6
"534","backbone","positive",5
"535","beauty","positive",5
"536","beg","negative",5
"537","begging","negative",5
"538","boom","positive",5
"539","breakdown","negative",5
"540","breaks","negative",5
"541","burning","negative",5
"542","celebrated","positive",5
"543","chaotic","negative",5
"544","classic","positive",5
"545","cleaner","positive",5
"546","clueless","negative",5
"547","complain","negative",5
"548","complains","negative",5
"549","corrupt","negative",5
"550","criticized","negative",5
"551","cry","negative",5
"552","dark","negative",5
"553","deaf","negative",5
"554","delighted","positive",5
"555","disabled","negative",5
"556","disagree","negative",5
"557","disapprove","negative",5
"558","efficient","positive",5
"559","embarrassing","negative",5
"560","empathy","positive",5
"561","encourage","positive",5
"562","fails","negative",5
"563","fat","negative",5
"564","fatigue","negative",5
"565","fortune","positive",5
"566","fragile","negative",5
"567","freaking","negative",5
"568","freaks","negative",5
"569","greed","negative",5
"570","grief","negative",5
"571","guarantee","positive",5
"572","guilty","negative",5
"573","harmony","positive",5
"574","harsh","negative",5
"575","heartfelt","positive",5
"576","hostage","negative",5
"577","hotbeds","negative",5
"578","humor","positive",5
"579","hurts","negative",5
"580","improved","positive",5
"581","improving","positive",5
"582","inequalities","negative",5
"583","inhumane","negative",5
"584","insecure","negative",5
"585","kudos","positive",5
"586","limits","negative",5
"587","loving","positive",5
"588","luck","positive",5
"589","madness","negative",5
"590","mistakes","negative",5
"591","modern","positive",5
"592","neglect","negative",5
"593","nicely","positive",5
"594","partisan","negative",5
"595","patience","positive",5
"596","precious","positive",5
"597","privilege","positive",5
"598","prompt","positive",5
"599","reasonable","positive",5
"600","refuse","negative",5
"601","regret","negative",5
"602","rejected","negative",5
"603","saint","positive",5
"604","scam","negative",5
"605","scandal","negative",5
"606","shocked","negative",5
"607","smarter","positive",5
"608","smell","negative",5
"609","solid","positive",5
"610","steady","positive",5
"611","stealing","negative",5
"612","stigma","negative",5
"613","strain","negative",5
"614","struck","negative",5
"615","stunning","positive",5
"616","suffers","negative",5
"617","susceptible","negative",5
"618","sweet","positive",5
"619","swift","positive",5
"620","terrorism","negative",5
"621","thoughtful","positive",5
"622","thrive","positive",5
"623","trash","negative",5
"624","unclear","negative",5
"625","unity","positive",5
"626","utterly","negative",5
"627","vigilant","positive",5
"628","violation","negative",5
"629","winners","positive",5
"630","absurd","negative",4
"631","accomplished","positive",4
"632","adequate","positive",4
"633","advanced","positive",4
"634","affordable","positive",4
"635","anxious","negative",4
"636","archaic","negative",4
"637","arrogance","negative",4
"638","assault","negative",4
"639","assure","positive",4
"640","authoritarian","negative",4
"641","award","positive",4
"642","balanced","positive",4
"643","beneficial","positive",4
"644","blatant","negative",4
"645","blunt","negative",4
"646","bonus","positive",4
"647","bravery","positive",4
"648","broken","negative",4
"649","bungling","negative",4
"650","capable","positive",4
"651","catastrophe","negative",4
"652","champion","positive",4
"653","compassionate","positive",4
"654","comprehensive","positive",4
"655","confident","positive",4
"656","conflicts","negative",4
"657","correctly","positive",4
"658","crashes","negative",4
"659","crashing","negative",4
"660","criticize","negative",4
"661","damages","negative",4
"662","damaging","negative",4
"663","decent","positive",4
"664","defeat","positive",4
"665","delaying","negative",4
"666","desperately","negative",4
"667","despicable","negative",4
"668","dignity","positive",4
"669","dirty","negative",4
"670","disappointed","negative",4
"671","disappointing","negative",4
"672","disputed","negative",4
"673","disregard","negative",4
"674","disrespectful","negative",4
"675","distress","negative",4
"676","dominate","positive",4
"677","downturn","negative",4
"678","dump","negative",4
"679","effectiveness","positive",4
"680","embarrassment","negative",4
"681","empower","positive",4
"682","enemies","negative",4
"683","enhance","positive",4
"684","equitable","positive",4
"685","exploit","negative",4
"686","fatal","negative",4
"687","favor","positive",4
"688","flawed","negative",4
"689","frozen","negative",4
"690","frustration","negative",4
"691","gains","positive",4
"692","generous","positive",4
"693","genocide","negative",4
"694","goodness","positive",4
"695","grace","positive",4
"696","harms","negative",4
"697","havoc","negative",4
"698","heaven","positive",4
"699","heroic","positive",4
"700","horrifying","negative",4
"701","impressive","positive",4
"702","inaccurate","negative",4
"703","inequities","negative",4
"704","intelligent","positive",4
"705","irrelevant","negative",4
"706","jealous","negative",4
"707","liability","negative",4
"708","loose","negative",4
"709","loves","positive",4
"710","magical","positive",4
"711","master","positive",4
"712","masters","positive",4
"713","meltdown","negative",4
"714","miracle","positive",4
"715","misguided","negative",4
"716","mysterious","negative",4
"717","myth","negative",4
"718","needy","negative",4
"719","opposition","negative",4
"720","overdue","negative",4
"721","penalty","negative",4
"722","poised","positive",4
"723","poison","negative",4
"724","prize","positive",4
"725","proactive","positive",4
"726","productive","positive",4
"727","promises","positive",4
"728","promising","positive",4
"729","qualify","positive",4
"730","reckless","negative",4
"731","reform","positive",4
"732","refusing","negative",4
"733","rejects","negative",4
"734","relaxed","positive",4
"735","reluctant","negative",4
"736","remarkable","positive",4
"737","reputation","positive",4
"738","respite","positive",4
"739","retarded","negative",4
"740","ruined","negative",4
"741","scare","negative",4
"742","shambles","negative",4
"743","shine","positive",4
"744","skilled","positive",4
"745","spoiled","negative",4
"746","stability","positive",4
"747","starve","negative",4
"748","strictly","negative",4
"749","succeed","positive",4
"750","suffered","negative",4
"751","supporter","positive",4
"752","supportive","positive",4
"753","survivor","positive",4
"754","sustainability","positive",4
"755","tank","negative",4
"756","threaten","negative",4
"757","traitor","negative",4
"758","traumatic","negative",4
"759","ugh","negative",4
"760","unbelievable","negative",4
"761","unbelievably","negative",4
"762","unknown","negative",4
"763","unsafe","negative",4
"764","unsure","negative",4
"765","unusual","negative",4
"766","weed","negative",4
"767","whining","negative",4
"768","wins","positive",4
"769","absence","negative",3
"770","abysmal","negative",3
"771","accessible","positive",3
"772","accuses","negative",3
"773","alarming","negative",3
"774","allegation","negative",3
"775","allegations","negative",3
"776","allergies","negative",3
"777","allergy","negative",3
"778","anomaly","negative",3
"779","apocalyptic","negative",3
"780","appealing","positive",3
"781","applaud","positive",3
"782","appreciates","positive",3
"783","arrogant","negative",3
"784","baseless","negative",3
"785","bastards","negative",3
"786","bent","negative",3
"787","bias","negative",3
"788","blah","negative",3
"789","bloody","negative",3
"790","bomb","negative",3
"791","bothered","negative",3
"792","bravo","positive",3
"793","breathtaking","positive",3
"794","brighten","positive",3
"795","bust","negative",3
"796","catastrophic","negative",3
"797","celebration","positive",3
"798","cheer","positive",3
"799","clash","negative",3
"800","complaining","negative",3
"801","complicated","negative",3
"802","conflicting","negative",3
"803","confront","negative",3
"804","congested","negative",3
"805","contamination","negative",3
"806","crack","negative",3
"807","cracks","negative",3
"808","crashed","negative",3
"809","crude","negative",3
"810","crumbling","negative",3
"811","cute","positive",3
"812","damaged","negative",3
"813","declining","negative",3
"814","defiance","negative",3
"815","denial","negative",3
"816","deprived","negative",3
"817","devastation","negative",3
"818","dick","negative",3
"819","disgusted","negative",3
"820","disorder","negative",3
"821","dispute","negative",3
"822","dragging","negative",3
"823","drain","negative",3
"824","drones","negative",3
"825","dumping","negative",3
"826","dust","negative",3
"827","dynamic","positive",3
"828","educated","positive",3
"829","endorses","positive",3
"830","enjoyed","positive",3
"831","ethical","positive",3
"832","exceed","positive",3
"833","excellency","positive",3
"834","exceptional","positive",3
"835","exceptionally","positive",3
"836","exclusion","negative",3
"837","excuses","negative",3
"838","fabulous","positive",3
"839","facilitate","positive",3
"840","famous","positive",3
"841","fancy","positive",3
"842","fascist","negative",3
"843","faulty","negative",3
"844","favour","positive",3
"845","finest","positive",3
"846","flare","negative",3
"847","flourish","positive",3
"848","flourishing","positive",3
"849","freeze","negative",3
"850","gained","positive",3
"851","gossip","negative",3
"852","greatness","positive",3
"853","hail","positive",3
"854","handy","positive",3
"855","harassment","negative",3
"856","hardened","negative",3
"857","hates","negative",3
"858","hatred","negative",3
"859","hilarious","positive",3
"860","honorable","positive",3
"861","hug","positive",3
"862","hype","negative",3
"863","ideal","positive",3
"864","incapable","negative",3
"865","ineffective","negative",3
"866","ineptitude","negative",3
"867","infamous","negative",3
"868","injustice","negative",3
"869","inspiration","positive",3
"870","insult","negative",3
"871","invasive","negative",3
"872","irresponsible","negative",3
"873","jerk","negative",3
"874","laughable","negative",3
"875","lazy","negative",3
"876","lean","positive",3
"877","leverage","positive",3
"878","liars","negative",3
"879","lier","negative",3
"880","lunatic","negative",3
"881","luxury","positive",3
"882","magic","positive",3
"883","manipulation","negative",3
"884","mar","negative",3
"885","mistaken","negative",3
"886","moan","negative",3
"887","modest","positive",3
"888","mystery","negative",3
"889","noble","positive",3
"890","notably","positive",3
"891","obsession","positive",3
"892","offence","negative",3
"893","offensive","negative",3
"894","outraged","negative",3
"895","outstanding","positive",3
"896","parody","negative",3
"897","persecution","negative",3
"898","personalized","positive",3
"899","plea","negative",3
"900","poorest","negative",3
"901","poorly","negative",3
"902","positives","positive",3
"903","precisely","positive",3
"904","prefer","positive",3
"905","pride","positive",3
"906","profound","positive",3
"907","progressive","positive",3
"908","promised","positive",3
"909","pros","positive",3
"910","prosecute","negative",3
"911","protesting","negative",3
"912","proves","positive",3
"913","proving","positive",3
"914","questionable","negative",3
"915","realistic","positive",3
"916","reassure","positive",3
"917","relentless","negative",3
"918","respectful","positive",3
"919","responsibly","positive",3
"920","responsive","positive",3
"921","restricted","negative",3
"922","revival","positive",3
"923","revive","positive",3
"924","risky","negative",3
"925","rival","negative",3
"926","rotten","negative",3
"927","rude","negative",3
"928","rumors","negative",3
"929","sadness","negative",3
"930","savior","positive",3
"931","selective","positive",3
"932","sensitive","positive",3
"933","shark","negative",3
"934","sharply","negative",3
"935","sincere","positive",3
"936","sinister","negative",3
"937","slowed","negative",3
"938","slump","negative",3
"939","sobering","negative",3
"940","soft","positive",3
"941","spiritual","positive",3
"942","stark","negative",3
"943","stole","negative",3
"944","strongest","positive",3
"945","successes","positive",3
"946","succumb","negative",3
"947","suppress","negative",3
"948","suppression","negative",3
"949","surpass","positive",3
"950","tragically","negative",3
"951","treason","negative",3
"952","tyrant","negative",3
"953","unbiased","positive",3
"954","uncontrolled","negative",3
"955","undermine","negative",3
"956","unprepared","negative",3
"957","unreal","positive",3
"958","unreliable","negative",3
"959","unwavering","positive",3
"960","vague","negative",3
"961","valuable","positive",3
"962","wasted","negative",3
"963","weakness","negative",3
"964","wealthy","positive",3
"965","willingness","positive",3
"966","won","positive",3
"967","worrying","negative",3
"968","worsening","negative",3
"969","abound","positive",2
"970","abrupt","negative",2
"971","abundance","positive",2
"972","abyss","negative",2
"973","accomplishment","positive",2
"974","accurately","positive",2
"975","accusing","negative",2
"976","addicts","negative",2
"977","adversity","negative",2
"978","agile","positive",2
"979","altercation","negative",2
"980","ambiguous","negative",2
"981","ambitious","positive",2
"982","annoyed","negative",2
"983","appreciable","positive",2
"984","arbitrary","negative",2
"985","articulate","positive",2
"986","assassinate","negative",2
"987","astonishingly","positive",2
"988","astounding","positive",2
"989","audacity","negative",2
"990","awards","positive",2
"991","awe","positive",2
"992","awfulness","negative",2
"993","baffled","negative",2
"994","baffling","negative",2
"995","bankrupt","negative",2
"996","bastard","negative",2
"997","beautifully","positive",2
"998","beloved","positive",2
"999","beware","negative",2
"1000","biased","negative",2
"1001","bigotry","negative",2
"1002","bleeding","negative",2
"1003","blockbuster","positive",2
"1004","bloom","positive",2
"1005","blunder","negative",2
"1006","bolster","positive",2
"1007","bonkers","negative",2
"1008","bonny","positive",2
"1009","boring","negative",2
"1010","bother","negative",2
"1011","boycott","negative",2
"1012","bright","positive",2
"1013","brutal","negative",2
"1014","bug","negative",2
"1015","bullies","negative",2
"1016","calamity","negative",2
"1017","capability","positive",2
"1018","careless","negative",2
"1019","carnage","negative",2
"1020","casualty","negative",2
"1021","cheaper","positive",2
"1022","cheaply","negative",2
"1023","cheat","negative",2
"1024","cheating","negative",2
"1025","cleared","positive",2
"1026","clearer","positive",2
"1027","comfortable","positive",2
"1028","commendable","positive",2
"1029","compact","positive",2
"1030","complained","negative",2
"1031","complaints","negative",2
"1032","complimentary","positive",2
"1033","concise","positive",2
"1034","considerate","positive",2
"1035","contaminated","negative",2
"1036","controversy","negative",2
"1037","convenience","positive",2
"1038","corrupted","negative",2
"1039","costly","negative",2
"1040","creepy","negative",2
"1041","cringe","negative",2
"1042","crooked","negative",2
"1043","crooks","negative",2
"1044","crush","negative",2
"1045","crushed","negative",2
"1046","damned","negative",2
"1047","darker","negative",2
"1048","debts","negative",2
"1049","declines","negative",2
"1050","defeated","positive",2
"1051","defeating","positive",2
"1052","defender","positive",2
"1053","defensive","negative",2
"1054","defiant","negative",2
"1055","defy","negative",2
"1056","delicious","positive",2
"1057","demon","negative",2
"1058","denies","negative",2
"1059","denying","negative",2
"1060","deplorable","negative",2
"1061","depressing","negative",2
"1062","deserving","positive",2
"1063","despise","negative",2
"1064","deterrent","negative",2
"1065","detriment","negative",2
"1066","detrimental","negative",2
"1067","devastate","negative",2
"1068","diabolical","negative",2
"1069","dilemma","negative",2
"1070","diligently","positive",2
"1071","dim","negative",2
"1072","disappoint","negative",2
"1073","disappointment","negative",2
"1074","discord","negative",2
"1075","discredit","negative",2
"1076","discriminate","negative",2
"1077","disdain","negative",2
"1078","disgraceful","negative",2
"1079","dishonesty","negative",2
"1080","dislike","negative",2
"1081","displeasure","negative",2
"1082","disrupt","negative",2
"1083","dope","negative",2
"1084","doubts","negative",2
"1085","downhill","negative",2
"1086","drag","negative",2
"1087","dubious","negative",2
"1088","earnestly","positive",2
"1089","eases","positive",2
"1090","empowerment","positive",2
"1091","encroachment","negative",2
"1092","engaging","positive",2
"1093","enhanced","positive",2
"1094","enrich","positive",2
"1095","erratic","negative",2
"1096","exacerbate","negative",2
"1097","exceeded","positive",2
"1098","exceeds","positive",2
"1099","exemplary","positive",2
"1100","exhausted","negative",2
"1101","expensive","negative",2
"1102","expire","negative",2
"1103","expired","negative",2
"1104","exploitation","negative",2
"1105","extinguish","negative",2
"1106","fairly","positive",2
"1107","faithful","positive",2
"1108","fearless","positive",2
"1109","fiction","negative",2
"1110","filthy","negative",2
"1111","flout","negative",2
"1112","foolish","negative",2
"1113","fortitude","positive",2
"1114","fortunate","positive",2
"1115","frantic","negative",2
"1116","freed","positive",2
"1117","frightening","negative",2
"1118","futile","negative",2
"1119","generosity","positive",2
"1120","gloom","negative",2
"1121","glory","positive",2
"1122","golden","positive",2
"1123","goodwill","positive",2
"1124","goofy","negative",2
"1125","grapple","negative",2
"1126","grievances","negative",2
"1127","gullible","negative",2
"1128","hack","negative",2
"1129","happiness","positive",2
"1130","hardships","negative",2
"1131","harmful","negative",2
"1132","hateful","negative",2
"1133","hater","negative",2
"1134","haters","negative",2
"1135","hating","negative",2
"1136","heartwarming","positive",2
"1137","heck","negative",2
"1138","hedge","negative",2
"1139","hopeful","positive",2
"1140","horrendous","negative",2
"1141","horrid","negative",2
"1142","horrified","negative",2
"1143","hostilities","negative",2
"1144","hubris","negative",2
"1145","humane","positive",2
"1146","humble","positive",2
"1147","humorous","positive",2
"1148","humour","positive",2
"1149","hurting","negative",2
"1150","hypocrisy","negative",2
"1151","hypocrite","negative",2
"1152","illegally","negative",2
"1153","imbecile","negative",2
"1154","immense","positive",2
"1155","immoral","negative",2
"1156","impending","negative",2
"1157","impose","negative",2
"1158","imposing","negative",2
"1159","impressed","positive",2
"1160","inaction","negative",2
"1161","incessantly","negative",2
"1162","inevitably","negative",2
"1163","inextricably","negative",2
"1164","ingenious","positive",2
"1165","injustices","negative",2
"1166","insanity","negative",2
"1167","insurmountable","negative",2
"1168","integral","positive",2
"1169","integrated","positive",2
"1170","interfere","negative",2
"1171","irate","negative",2
"1172","irony","negative",2
"1173","irregular","negative",2
"1174","joker","negative",2
"1175","killer","negative",2
"1176","knock","negative",2
"1177","lacking","negative",2
"1178","lame","negative",2
"1179","leaking","negative",2
"1180","lemon","negative",2
"1181","lethal","negative",2
"1182","loneliness","negative",2
"1183","lonely","negative",2
"1184","loot","negative",2
"1185","loses","negative",2
"1186","lover","positive",2
"1187","malicious","negative",2
"1188","meaningful","positive",2
"1189","messed","negative",2
"1190","mindless","negative",2
"1191","miracles","positive",2
"1192","mislead","negative",2
"1193","misunderstanding","negative",2
"1194","mocked","negative",2
"1195","nastiness","negative",2
"1196","naughty","negative",2
"1197","needlessly","negative",2
"1198","negligent","negative",2
"1199","nervous","negative",2
"1200","noise","negative",2
"1201","nurturing","positive",2
"1202","odd","negative",2
"1203","offender","negative",2
"1204","optimism","positive",2
"1205","outrage","negative",2
"1206","overloaded","negative",2
"1207","pan","negative",2
"1208","paramount","positive",2
"1209","pariah","negative",2
"1210","passion","positive",2
"1211","passionate","positive",2
"1212","patriot","positive",2
"1213","perfectly","positive",2
"1214","perish","negative",2
"1215","pervasive","negative",2
"1216","petty","negative",2
"1217","pig","negative",2
"1218","pigs","negative",2
"1219","pinch","negative",2
"1220","pleasant","positive",2
"1221","prestigious","positive",2
"1222","pretend","negative",2
"1223","problematic","negative",2
"1224","productively","positive",2
"1225","prosperity","positive",2
"1226","provoke","negative",2
"1227","qualified","positive",2
"1228","randomly","negative",2
"1229","rants","negative",2
"1230","rape","negative",2
"1231","recklessly","negative",2
"1232","recommendation","positive",2
"1233","reforming","positive",2
"1234","reforms","positive",2
"1235","refresh","positive",2
"1236","regard","positive",2
"1237","rejecting","negative",2
"1238","resigned","negative",2
"1239","restrict","negative",2
"1240","revelation","positive",2
"1241","rift","negative",2
"1242","rot","negative",2
"1243","rubbish","negative",2
"1244","ruin","negative",2
"1245","rumours","negative",2
"1246","sack","negative",2
"1247","sane","positive",2
"1248","sarcasm","negative",2
"1249","satisfy","positive",2
"1250","savings","positive",2
"1251","scandalous","negative",2
"1252","scrambles","negative",2
"1253","scrambling","negative",2
"1254","screwed","negative",2
"1255","senseless","negative",2
"1256","seriousness","negative",2
"1257","sickness","negative",2
"1258","sincerely","positive",2
"1259","sink","negative",2
"1260","skill","positive",2
"1261","slaughter","negative",2
"1262","slaves","negative",2
"1263","slowest","negative",2
"1264","smash","negative",2
"1265","smooth","positive",2
"1266","sneak","negative",2
"1267","sob","negative",2
"1268","spade","negative",2
"1269","speedy","positive",2
"1270","splitting","negative",2
"1271","stall","negative",2
"1272","startling","negative",2
"1273","stern","negative",2
"1274","stifle","negative",2
"1275","stooge","negative",2
"1276","streamlined","positive",2
"1277","stunt","negative",2
"1278","sublime","positive",2
"1279","succeeded","positive",2
"1280","succeeding","positive",2
"1281","sucked","negative",2
"1282","sucks","negative",2
"1283","sued","negative",2
"1284","sues","negative",2
"1285","sufficient","positive",2
"1286","suitable","positive",2
"1287","supremacy","positive",2
"1288","swamped","negative",2
"1289","tantrum","negative",2
"1290","testy","negative",2
"1291","threesome","negative",2
"1292","thrilled","positive",2
"1293","thriving","positive",2
"1294","tiresome","negative",2
"1295","togetherness","positive",2
"1296","torture","negative",2
"1297","touted","negative",2
"1298","touts","negative",2
"1299","treasure","positive",2
"1300","tricky","negative",2
"1301","troubles","negative",2
"1302","trustworthy","positive",2
"1303","turbulent","negative",2
"1304","uglier","negative",2
"1305","unavailable","negative",2
"1306","uncomfortable","negative",2
"1307","unequal","negative",2
"1308","unfit","negative",2
"1309","unfortunate","negative",2
"1310","uninsured","negative",2
"1311","unjustified","negative",2
"1312","unparalleled","positive",2
"1313","unpredictable","negative",2
"1314","unproven","negative",2
"1315","unreasonable","negative",2
"1316","unsustainable","negative",2
"1317","untimely","negative",2
"1318","untrue","negative",2
"1319","unwell","negative",2
"1320","uplift","positive",2
"1321","vent","negative",2
"1322","versatile","positive",2
"1323","victorious","positive",2
"1324","vivid","positive",2
"1325","warm","positive",2
"1326","wary","negative",2
"1327","wasting","negative",2
"1328","weaken","negative",2
"1329","whine","negative",2
"1330","whoa","positive",2
"1331","wisely","positive",2
"1332","woeful","negative",2
"1333","wonders","positive",2
"1334","woo","positive",2
"1335","worn","negative",2
"1336","worthless","negative",2
"1337","worthwhile","positive",2
"1338","wreak","negative",2
"1339","zap","negative",2
"1340","abrasive","negative",1
"1341","absentee","negative",1
"1342","abused","negative",1
"1343","abusive","negative",1
"1344","abysmally","negative",1
"1345","accidental","negative",1
"1346","acclaim","positive",1
"1347","acclaimed","positive",1
"1348","accolades","positive",1
"1349","accusation","negative",1
"1350","accusations","negative",1
"1351","accuse","negative",1
"1352","ache","negative",1
"1353","achievement","positive",1
"1354","adamant","negative",1
"1355","adaptable","positive",1
"1356","adaptive","positive",1
"1357","addicted","negative",1
"1358","admirable","positive",1
"1359","admonition","negative",1
"1360","adorable","positive",1
"1361","adverse","negative",1
"1362","affluent","positive",1
"1363","aggravate","negative",1
"1364","agility","positive",1
"1365","ailment","negative",1
"1366","allergic","negative",1
"1367","amazed","positive",1
"1368","amazingly","positive",1
"1369","angrily","negative",1
"1370","annoying","negative",1
"1371","appalled","negative",1
"1372","ardent","positive",1
"1373","aspire","positive",1
"1374","attractive","positive",1
"1375","authoritative","positive",1
"1376","aversion","negative",1
"1377","avidly","positive",1
"1378","barbaric","negative",1
"1379","bargain","positive",1
"1380","bashed","negative",1
"1381","bashing","negative",1
"1382","battered","negative",1
"1383","battering","negative",1
"1384","benevolence","positive",1
"1385","benifits","positive",1
"1386","bereavement","negative",1
"1387","berserk","negative",1
"1388","betray","negative",1
"1389","betrayal","negative",1
"1390","bewilderment","negative",1
"1391","bicker","negative",1
"1392","biting","negative",1
"1393","bitter","negative",1
"1394","bizarre","negative",1
"1395","blackmail","negative",1
"1396","blatantly","negative",1
"1397","blind","negative",1
"1398","blinding","negative",1
"1399","bliss","positive",1
"1400","blurring","negative",1
"1401","blurry","negative",1
"1402","bogus","negative",1
"1403","boiling","negative",1
"1404","bonuses","positive",1
"1405","bored","negative",1
"1406","boredom","negative",1
"1407","boundless","positive",1
"1408","brat","negative",1
"1409","breakthrough","positive",1
"1410","breathlessness","positive",1
"1411","breeze","positive",1
"1412","brutality","negative",1
"1413","brutally","negative",1
"1414","bump","negative",1
"1415","bungle","negative",1
"1416","burns","negative",1
"1417","calming","positive",1
"1418","cancerous","negative",1
"1419","captivating","positive",1
"1420","cataclysm","negative",1
"1421","catastrophically","negative",1
"1422","cautionary","negative",1
"1423","cave","negative",1
"1424","champ","positive",1
"1425","charisma","positive",1
"1426","charitable","positive",1
"1427","chatter","negative",1
"1428","cheats","negative",1
"1429","cherish","positive",1
"1430","childish","negative",1
"1431","chill","negative",1
"1432","civility","positive",1
"1433","classy","positive",1
"1434","clears","positive",1
"1435","clever","positive",1
"1436","cleverly","positive",1
"1437","clogs","negative",1
"1438","cloudy","negative",1
"1439","coercion","negative",1
"1440","coercive","negative",1
"1441","coherent","positive",1
"1442","combative","negative",1
"1443","comfortably","positive",1
"1444","comforting","positive",1
"1445","comical","negative",1
"1446","competitive","positive",1
"1447","complicit","negative",1
"1448","conceded","negative",1
"1449","condemned","negative",1
"1450","condemns","negative",1
"1451","confined","negative",1
"1452","confounding","negative",1
"1453","confrontational","negative",1
"1454","confuse","negative",1
"1455","confuses","negative",1
"1456","confusions","negative",1
"1457","cons","negative",1
"1458","consistently","positive",1
"1459","conspiracies","negative",1
"1460","conspiratorial","negative",1
"1461","conspire","negative",1
"1462","contempt","negative",1
"1463","contend","negative",1
"1464","contentious","negative",1
"1465","coolest","positive",1
"1466","cooperative","positive",1
"1467","courageous","positive",1
"1468","covenant","positive",1
"1469","cozy","positive",1
"1470","cramped","negative",1
"1471","crappy","negative",1
"1472","crass","negative",1
"1473","crazily","negative",1
"1474","craziness","negative",1
"1475","credible","positive",1
"1476","crippled","negative",1
"1477","crippling","negative",1
"1478","criticisms","negative",1
"1479","cronyism","negative",1
"1480","crook","negative",1
"1481","culpable","negative",1
"1482","culprit","negative",1
"1483","cumbersome","negative",1
"1484","curse","negative",1
"1485","damning","negative",1
"1486","darling","positive",1
"1487","debacle","negative",1
"1488","debilitating","negative",1
"1489","deceitful","negative",1
"1490","deception","negative",1
"1491","defective","negative",1
"1492","deficiencies","negative",1
"1493","deficient","negative",1
"1494","degradation","negative",1
"1495","degrading","negative",1
"1496","delicate","positive",1
"1497","delightfully","positive",1
"1498","delinquency","negative",1
"1499","delirium","negative",1
"1500","delusion","negative",1
"1501","delusions","negative",1
"1502","demean","negative",1
"1503","demise","negative",1
"1504","demonic","negative",1
"1505","dense","negative",1
"1506","depressed","negative",1
"1507","desert","negative",1
"1508","desperation","negative",1
"1509","destitute","negative",1
"1510","destructive","negative",1
"1511","devastated","negative",1
"1512","devastates","negative",1
"1513","diametrically","negative",1
"1514","dignified","positive",1
"1515","dilapidated","negative",1
"1516","dirtbags","negative",1
"1517","disable","negative",1
"1518","disagreed","negative",1
"1519","disapproval","negative",1
"1520","disclaim","negative",1
"1521","discomfort","negative",1
"1522","discouraging","negative",1
"1523","disgust","negative",1
"1524","dishonest","negative",1
"1525","disingenuous","negative",1
"1526","dislikes","negative",1
"1527","dismal","negative",1
"1528","disparaging","negative",1
"1529","displaced","negative",1
"1530","disrespect","negative",1
"1531","disrespecting","negative",1
"1532","disruptive","negative",1
"1533","diss","negative",1
"1534","dissent","negative",1
"1535","dissidents","negative",1
"1536","dissonance","negative",1
"1537","distraught","negative",1
"1538","distressed","negative",1
"1539","divisiveness","negative",1
"1540","dominated","positive",1
"1541","downer","negative",1
"1542","downfall","negative",1
"1543","downturns","negative",1
"1544","draconian","negative",1
"1545","drained","negative",1
"1546","drastic","negative",1
"1547","drastically","negative",1
"1548","dripping","negative",1
"1549","drips","negative",1
"1550","drought","negative",1
"1551","drowning","negative",1
"1552","dumbfounded","positive",1
"1553","dungeons","negative",1
"1554","dusty","negative",1
"1555","eagerly","positive",1
"1556","easiest","positive",1
"1557","economical","positive",1
"1558","elevate","positive",1
"1559","elimination","negative",1
"1560","eloquent","positive",1
"1561","embattled","negative",1
"1562","embolden","positive",1
"1563","embroiled","negative",1
"1564","eminent","positive",1
"1565","endanger","negative",1
"1566","energize","positive",1
"1567","engulf","negative",1
"1568","enlightenment","positive",1
"1569","enslave","negative",1
"1570","enthusiastically","positive",1
"1571","envious","negative",1
"1572","envious","positive",1
"1573","error","negative",1
"1574","erudite","positive",1
"1575","evade","negative",1
"1576","exalt","positive",1
"1577","excel","positive",1
"1578","excellence","positive",1
"1579","excoriate","negative",1
"1580","excruciating","negative",1
"1581","exemplar","positive",1
"1582","exhaustion","negative",1
"1583","exorbitant","negative",1
"1584","expel","negative",1
"1585","explode","negative",1
"1586","explosive","negative",1
"1587","extermination","negative",1
"1588","extortion","negative",1
"1589","extremists","negative",1
"1590","fallacy","negative",1
"1591","falsehood","negative",1
"1592","falsely","negative",1
"1593","faltered","negative",1
"1594","fame","positive",1
"1595","famed","positive",1
"1596","famine","negative",1
"1597","fanatical","negative",1
"1598","farcical","negative",1
"1599","fascism","negative",1
"1600","fashionable","positive",1
"1601","fatally","negative",1
"1602","faults","negative",1
"1603","favorable","positive",1
"1604","favored","positive",1
"1605","fearful","negative",1
"1606","fearlessly","positive",1
"1607","feasible","positive",1
"1608","feat","positive",1
"1609","feckless","negative",1
"1610","feeble","negative",1
"1611","felon","negative",1
"1612","fevers","negative",1
"1613","fiasco","negative",1
"1614","finer","positive",1
"1615","fist","negative",1
"1616","flagrant","negative",1
"1617","flawless","positive",1
"1618","flaws","negative",1
"1619","fleeing","negative",1
"1620","flickering","negative",1
"1621","flimflam","negative",1
"1622","fooled","negative",1
"1623","foremost","positive",1
"1624","forged","negative",1
"1625","formidable","positive",1
"1626","forsake","negative",1
"1627","fortunately","positive",1
"1628","frail","negative",1
"1629","fraudulent","negative",1
"1630","freak","negative",1
"1631","frost","negative",1
"1632","frustrating","negative",1
"1633","fulfillment","positive",1
"1634","fury","negative",1
"1635","fuss","negative",1
"1636","gaining","positive",1
"1637","gem","positive",1
"1638","gifted","positive",1
"1639","glee","positive",1
"1640","gloomy","negative",1
"1641","glow","positive",1
"1642","glowing","positive",1
"1643","glut","negative",1
"1644","goof","negative",1
"1645","goon","negative",1
"1646","gorgeous","positive",1
"1647","graft","negative",1
"1648","grate","negative",1
"1649","gravely","negative",1
"1650","grieving","negative",1
"1651","grind","negative",1
"1652","grotesque","negative",1
"1653","groundbreaking","positive",1
"1654","hacks","negative",1
"1655","hallmark","positive",1
"1656","hamper","negative",1
"1657","haphazard","negative",1
"1658","happier","positive",1
"1659","harassed","negative",1
"1660","harmed","negative",1
"1661","hasty","negative",1
"1662","hated","negative",1
"1663","headaches","negative",1
"1664","heartbreakingly","negative",1
"1665","heavenly","positive",1
"1666","hefty","negative",1
"1667","hegemony","negative",1
"1668","heinous","negative",1
"1669","helpless","negative",1
"1670","heresy","negative",1
"1671","heros","positive",1
"1672","hesitant","negative",1
"1673","hideous","negative",1
"1674","hissing","negative",1
"1675","hollow","negative",1
"1676","honesty","positive",1
"1677","hostile","negative",1
"1678","hum","negative",1
"1679","humility","positive",1
"1680","hung","negative",1
"1681","hurtful","negative",1
"1682","hypocrites","negative",1
"1683","hysterical","negative",1
"1684","idiotic","negative",1
"1685","idol","positive",1
"1686","illiterate","negative",1
"1687","illogical","negative",1
"1688","illuminate","positive",1
"1689","illuminating","positive",1
"1690","illusion","negative",1
"1691","imbalance","negative",1
"1692","impaired","negative",1
"1693","impartial","positive",1
"1694","impatience","negative",1
"1695","impeach","negative",1
"1696","imperialist","negative",1
"1697","impoverished","negative",1
"1698","imprison","negative",1
"1699","improper","negative",1
"1700","improvement","positive",1
"1701","improvements","positive",1
"1702","improves","positive",1
"1703","inadequately","negative",1
"1704","incessant","negative",1
"1705","incoherent","negative",1
"1706","inconvenience","negative",1
"1707","incorrect","negative",1
"1708","indebted","positive",1
"1709","indefensible","negative",1
"1710","indiscriminate","negative",1
"1711","indulgent","positive",1
"1712","ineffectually","negative",1
"1713","inefficiency","negative",1
"1714","inefficient","negative",1
"1715","inexcusable","negative",1
"1716","infallible","positive",1
"1717","infested","negative",1
"1718","inflame","negative",1
"1719","inflammation","negative",1
"1720","inflict","negative",1
"1721","influential","positive",1
"1722","infuriated","negative",1
"1723","infuriating","negative",1
"1724","inhuman","negative",1
"1725","injury","negative",1
"1726","insatiable","negative",1
"1727","insensitive","negative",1
"1728","insidious","negative",1
"1729","insinuation","negative",1
"1730","inspirational","positive",1
"1731","instantly","positive",1
"1732","instigate","negative",1
"1733","instrumental","positive",1
"1734","insubordinate","negative",1
"1735","insufferable","negative",1
"1736","insults","negative",1
"1737","interference","negative",1
"1738","interruption","negative",1
"1739","intimacy","positive",1
"1740","intimate","positive",1
"1741","intimidating","negative",1
"1742","intimidation","negative",1
"1743","intricate","positive",1
"1744","intrigue","positive",1
"1745","intrusive","negative",1
"1746","invader","negative",1
"1747","invaluable","positive",1
"1748","inventive","positive",1
"1749","ire","negative",1
"1750","ironic","negative",1
"1751","irrational","negative",1
"1752","irrationality","negative",1
"1753","irritable","negative",1
"1754","itch","negative",1
"1755","jaded","negative",1
"1756","jealousy","negative",1
"1757","jeopardize","negative",1
"1758","joyful","positive",1
"1759","joyfully","positive",1
"1760","junk","negative",1
"1761","keen","positive",1
"1762","knife","negative",1
"1763","knowledgeable","positive",1
"1764","lackey","negative",1
"1765","lackeys","negative",1
"1766","lacks","negative",1
"1767","lag","negative",1
"1768","lagging","negative",1
"1769","lags","negative",1
"1770","lapse","negative",1
"1771","latency","negative",1
"1772","lawfully","positive",1
"1773","layoff","negative",1
"1774","leak","negative",1
"1775","leakage","negative",1
"1776","legendary","positive",1
"1777","liking","positive",1
"1778","logical","positive",1
"1779","louder","negative",1
"1780","lousy","negative",1
"1781","loyal","positive",1
"1782","ludicrous","negative",1
"1783","lull","negative",1
"1784","lurking","negative",1
"1785","macabre","negative",1
"1786","madman","negative",1
"1787","magnificent","positive",1
"1788","malevolent","negative",1
"1789","malignant","negative",1
"1790","mania","negative",1
"1791","maniac","negative",1
"1792","maniacal","negative",1
"1793","manipulate","negative",1
"1794","masterpieces","positive",1
"1795","meanness","negative",1
"1796","melancholy","negative",1
"1797","menace","negative",1
"1798","merry","positive",1
"1799","messy","negative",1
"1800","mighty","positive",1
"1801","miscreant","negative",1
"1802","miserable","negative",1
"1803","miserably","negative",1
"1804","misery","negative",1
"1805","misgivings","negative",1
"1806","misinform","negative",1
"1807","misses","negative",1
"1808","mistakenly","negative",1
"1809","mistress","negative",1
"1810","misuse","negative",1
"1811","modesty","positive",1
"1812","monster","negative",1
"1813","monumental","positive",1
"1814","morality","positive",1
"1815","morbidly","negative",1
"1816","mortification","negative",1
"1817","mundane","negative",1
"1818","murderous","negative",1
"1819","mysteriously","negative",1
"1820","nag","negative",1
"1821","nifty","positive",1
"1822","nimble","positive",1
"1823","noisy","negative",1
"1824","nourishing","positive",1
"1825","obese","negative",1
"1826","object","negative",1
"1827","obsessive","negative",1
"1828","obstructed","negative",1
"1829","offenses","negative",1
"1830","ominous","negative",1
"1831","opportunistic","negative",1
"1832","oppose","negative",1
"1833","outcry","negative",1
"1834","outperform","positive",1
"1835","outrageous","negative",1
"1836","outsider","negative",1
"1837","overpriced","negative",1
"1838","overstate","negative",1
"1839","overstated","negative",1
"1840","overtaken","positive",1
"1841","overtook","positive",1
"1842","overweight","negative",1
"1843","overwhelmingly","negative",1
"1844","overzealous","negative",1
"1845","painful","negative",1
"1846","painfully","negative",1
"1847","painlessly","positive",1
"1848","pains","negative",1
"1849","paltry","negative",1
"1850","panders","negative",1
"1851","pardon","positive",1
"1852","patriotic","positive",1
"1853","peaceful","positive",1
"1854","peculiar","negative",1
"1855","peeled","negative",1
"1856","penalize","negative",1
"1857","peps","positive",1
"1858","peril","negative",1
"1859","persevere","positive",1
"1860","perverted","negative",1
"1861","pessimistic","negative",1
"1862","pest","negative",1
"1863","pestilent","negative",1
"1864","pitiful","negative",1
"1865","pittance","negative",1
"1866","pity","negative",1
"1867","pleas","negative",1
"1868","pleasurable","positive",1
"1869","pleasure","positive",1
"1870","ploy","negative",1
"1871","poignant","positive",1
"1872","poisonous","negative",1
"1873","polite","positive",1
"1874","politeness","positive",1
"1875","pompous","negative",1
"1876","portable","positive",1
"1877","posh","positive",1
"1878","positively","positive",1
"1879","predatory","negative",1
"1880","preferably","positive",1
"1881","prefers","positive",1
"1882","premeditated","negative",1
"1883","pretense","negative",1
"1884","priceless","positive",1
"1885","procrastination","negative",1
"1886","prolific","positive",1
"1887","prominent","positive",1
"1888","promptly","positive",1
"1889","prosper","positive",1
"1890","protracted","negative",1
"1891","providence","positive",1
"1892","provocative","negative",1
"1893","prudence","positive",1
"1894","punk","negative",1
"1895","puppets","negative",1
"1896","queer","negative",1
"1897","quicker","positive",1
"1898","rabid","negative",1
"1899","radically","negative",1
"1900","ragged","negative",1
"1901","rampant","negative",1
"1902","raped","negative",1
"1903","rash","negative",1
"1904","rational","positive",1
"1905","ravage","negative",1
"1906","raving","negative",1
"1907","readily","positive",1
"1908","reassurance","positive",1
"1909","rebellious","negative",1
"1910","recklessness","negative",1
"1911","reconciliation","positive",1
"1912","redundancy","negative",1
"1913","redundant","negative",1
"1914","refreshing","positive",1
"1915","refusal","negative",1
"1916","refutes","negative",1
"1917","refuting","negative",1
"1918","regrets","negative",1
"1919","rejoice","positive",1
"1920","relapse","negative",1
"1921","relent","positive",1
"1922","relentlessly","negative",1
"1923","reluctance","negative",1
"1924","remarkably","positive",1
"1925","remorse","negative",1
"1926","renewed","positive",1
"1927","reprehensible","negative",1
"1928","resent","negative",1
"1929","resourceful","positive",1
"1930","restriction","negative",1
"1931","restrictive","negative",1
"1932","restructuring","positive",1
"1933","revenge","negative",1
"1934","revert","negative",1
"1935","revolt","negative",1
"1936","rewarding","positive",1
"1937","rhetorical","negative",1
"1938","ridiculously","negative",1
"1939","rifts","negative",1
"1940","righteous","positive",1
"1941","righteousness","positive",1
"1942","rightly","positive",1
"1943","riled","negative",1
"1944","ripped","negative",1
"1945","rockstars","positive",1
"1946","rumbling","negative",1
"1947","rumor","negative",1
"1948","rusty","negative",1
"1949","sadden","negative",1
"1950","satisfactory","positive",1
"1951","satisfied","positive",1
"1952","savage","negative",1
"1953","scandals","negative",1
"1954","scar","negative",1
"1955","scarce","negative",1
"1956","scariest","negative",1
"1957","scathing","negative",1
"1958","scolding","negative",1
"1959","scorching","negative",1
"1960","scornfully","negative",1
"1961","scramble","negative",1
"1962","scream","negative",1
"1963","seasoned","positive",1
"1964","securely","positive",1
"1965","senile","negative",1
"1966","sensational","positive",1
"1967","serenity","positive",1
"1968","servitude","negative",1
"1969","setback","negative",1
"1970","setbacks","negative",1
"1971","sexy","positive",1
"1972","shady","negative",1
"1973","shaky","negative",1
"1974","sharpest","positive",1
"1975","shoddy","negative",1
"1976","shunned","negative",1
"1977","sickening","negative",1
"1978","silly","negative",1
"1979","simplistic","negative",1
"1980","sinking","negative",1
"1981","slack","negative",1
"1982","slander","negative",1
"1983","slap","negative",1
"1984","slave","negative",1
"1985","slog","negative",1
"1986","slur","negative",1
"1987","smokescreen","negative",1
"1988","smug","negative",1
"1989","snappy","positive",1
"1990","sneaky","negative",1
"1991","sneering","negative",1
"1992","solace","positive",1
"1993","solicitous","positive",1
"1994","soothe","positive",1
"1995","spectacular","positive",1
"1996","spew","negative",1
"1997","spews","negative",1
"1998","spoil","negative",1
"1999","spotless","positive",1
"2000","squeals","negative",1
"2001","stabilize","positive",1
"2002","static","negative",1
"2003","steadfast","positive",1
"2004","steep","negative",1
"2005","sticky","negative",1
"2006","stiff","negative",1
"2007","stinks","negative",1
"2008","stolen","negative",1
"2009","strained","negative",1
"2010","straining","negative",1
"2011","strangely","negative",1
"2012","stranger","negative",1
"2013","strangle","negative",1
"2014","stresses","negative",1
"2015","striking","positive",1
"2016","stringent","negative",1
"2017","striving","positive",1
"2018","struggled","negative",1
"2019","stubborn","negative",1
"2020","stumble","negative",1
"2021","stumbled","negative",1
"2022","stupendous","positive",1
"2023","stupidest","negative",1
"2024","stupidly","negative",1
"2025","sturdy","positive",1
"2026","subservience","negative",1
"2027","substantive","positive",1
"2028","sufferer","negative",1
"2029","sufferers","negative",1
"2030","suffice","positive",1
"2031","sunk","negative",1
"2032","surmount","positive",1
"2033","surreal","positive",1
"2034","suspicion","negative",1
"2035","suspicious","negative",1
"2036","sweeping","positive",1
"2037","swindle","negative",1
"2038","tacky","negative",1
"2039","talented","positive",1
"2040","talents","positive",1
"2041","tanked","negative",1
"2042","tanks","negative",1
"2043","tedious","negative",1
"2044","tense","negative",1
"2045","tentative","negative",1
"2046","terrific","positive",1
"2047","terror","negative",1
"2048","thrift","positive",1
"2049","timid","negative",1
"2050","totalitarian","negative",1
"2051","tramp","negative",1
"2052","trap","negative",1
"2053","travesty","negative",1
"2054","treacherous","negative",1
"2055","trick","negative",1
"2056","troubled","negative",1
"2057","troubling","negative",1
"2058","trusting","positive",1
"2059","truthful","positive",1
"2060","turmoil","negative",1
"2061","twisted","negative",1
"2062","tyrannical","negative",1
"2063","tyranny","negative",1
"2064","uncivilized","negative",1
"2065","unconditional","positive",1
"2066","unconstitutional","negative",1
"2067","underlings","negative",1
"2068","undermines","negative",1
"2069","undermining","negative",1
"2070","unease","negative",1
"2071","unexpected","negative",1
"2072","unexpectedly","negative",1
"2073","unexplained","negative",1
"2074","unfairly","negative",1
"2075","unfazed","positive",1
"2076","unforeseen","negative",1
"2077","unfriendly","negative",1
"2078","unhappiness","negative",1
"2079","unhappy","negative",1
"2080","unimaginable","negative",1
"2081","unimaginably","negative",1
"2082","unjust","negative",1
"2083","unjustifiably","negative",1
"2084","unlimited","positive",1
"2085","unnoticed","negative",1
"2086","unproductive","negative",1
"2087","unprofitable","negative",1
"2088","unqualified","negative",1
"2089","unquestionably","positive",1
"2090","unstable","negative",1
"2091","unsuspecting","negative",1
"2092","untouched","negative",1
"2093","unusable","negative",1
"2094","unwilling","negative",1
"2095","unyielding","negative",1
"2096","upheaval","negative",1
"2097","uphold","positive",1
"2098","uplifting","positive",1
"2099","upscale","positive",1
"2100","upsets","negative",1
"2101","upsetting","negative",1
"2102","vanity","negative",1
"2103","vexing","negative",1
"2104","viciously","negative",1
"2105","vile","negative",1
"2106","villains","negative",1
"2107","vindictiveness","negative",1
"2108","violators","negative",1
"2109","violent","negative",1
"2110","volatile","negative",1
"2111","volatility","negative",1
"2112","warmer","positive",1
"2113","warp","negative",1
"2114","weary","negative",1
"2115","wildly","negative",1
"2116","willingly","positive",1
"2117","wonderfully","positive",1
"2118","worsen","negative",1
"2119","worthy","positive",1
"2120","wrath","negative",1
"2121","wreaked","negative",1
"2122","wreck","negative",1
"2123","yawn","negative",1
"2124","yay","positive",1
